<?xml version="1.0" encoding="UTF-8"?>
<project-private xmlns="http://www.netbeans.org/ns/project-private/1">
    <editor-bookmarks xmlns="http://www.netbeans.org/ns/editor-bookmarks/2" lastBookmarkId="0"/>
    <open-files xmlns="http://www.netbeans.org/ns/projectui-open-files/2">
        <group>
            <file>file:/home/ask/Desktop/lab7/Lab7/Practice/CourseProject/src/courseproject/ProgramArrayCourseFile4.java</file>
            <file>file:/home/ask/Desktop/lab7/Lab7/Practice/CourseProject/src/courseproject/Course.java</file>
            <file>file:/home/ask/Desktop/lab7/Lab7/Practice/CourseProject/src/courseproject/ProgramArrayCourseFile5.java</file>
        </group>
    </open-files>
</project-private>
